File Path,Area,Change Type,Risk Level,Maintainability,Performance,Security,Accessibility,SEO,Testability,Compatibility,Avg Score,Action,Rationale
project/package.json,Dependencies,M,Medium,7,8,8,9,9,6,8,7.9,REFINE,"New deps add value but need security review"
project/src/App.tsx,Core,M,Low,8,9,8,9,9,7,9,8.4,ACCEPT,"Clean integration of new features"
project/src/components/VirtualAssistant.tsx,AI Core,M,High,6,7,7,8,8,5,7,6.9,REFINE,"Complex but valuable; needs simplification"
project/src/contexts/AuthContext.tsx,Auth,M,High,8,8,9,9,9,7,8,8.3,ACCEPT,"Major security improvement"
project/src/services/agents/core/agent-framework.ts,AI Core,A,Medium,7,8,8,9,9,6,8,7.9,REFINE,"Well-structured but complex"
project/src/services/agents/refactored/agents/Meta3PrimaryAgent.ts,AI Agents,A,Low,8,8,8,9,9,7,8,8.1,ACCEPT,"Professional implementation"
project/src/services/agents/refactored/agents/Meta3InvestmentAgent.ts,AI Agents,A,Low,8,8,8,9,9,7,8,8.1,ACCEPT,"Business-critical functionality"
project/src/services/agents/analytics/enhanced-conversation-analytics.service.ts,Analytics,A,Medium,7,7,8,9,9,6,7,7.6,REFINE,"Valuable but needs optimization"
project/src/services/api-key-management.service.ts,Security,A,High,8,8,9,9,9,7,8,8.3,ACCEPT,"Critical security feature"
project/src/services/dropbox-storage.service.ts,Storage,A,Medium,7,7,7,9,9,6,7,7.4,REFINE,"Good integration but needs error handling"
project/src/components/admin/AgentSystemDashboard.tsx,Admin,A,Low,8,8,8,8,9,7,8,8.0,ACCEPT,"Professional admin interface"
project/src/utils/secure-auth.ts,Security,A,High,9,8,9,9,9,8,8,8.6,ACCEPT,"Excellent security implementation"
project/src/utils/rate-limiter.ts,Security,A,Medium,8,8,8,9,9,7,8,8.1,ACCEPT,"Important security feature"
application-form.html,Forms,M,Low,6,7,7,7,8,5,7,6.7,REFINE,"Functional but needs code cleanup"
contact-forms.html,Forms,M,Low,6,7,7,7,8,5,7,6.7,REFINE,"Functional but needs code cleanup"
backup-future-use/*,Backup,A,Low,5,9,9,9,9,4,8,7.6,REJECT,"Archive files not needed in main repo"
cleanup-files/*,Cleanup,A,Low,4,9,9,9,9,3,8,7.3,REJECT,"Temporary files should be removed"
*.md files (docs),Documentation,A,Low,6,9,9,9,9,5,9,8.0,REFINE,"Valuable docs but need organization"
project/src/services/agents/crisis/crisis-detection.service.ts,AI Crisis,A,High,7,7,6,8,9,5,7,7.0,REFINE,"Specialized feature needs careful review"
project/src/services/agents/emotion/azure-sentiment.service.ts,AI Emotion,A,Medium,8,7,8,9,9,6,7,7.7,REFINE,"Good implementation needs optimization"
project/src/services/agents/voice/voice-interface.service.ts,AI Voice,A,Medium,7,6,7,7,9,5,6,6.7,REFINE,"Complex feature needs simplification"
project/configure-api-keys.js,Config,A,High,6,8,6,9,9,5,7,7.1,REFINE,"Security-critical script needs hardening"